Problem ID,score_0_7,note,proof
1,7,complete,"We prove that for every integer \(n\ge 3\) the only possible values of \(k\) are \(0,1,3\).

Let  
\[
T_n=\{(a,b)\in\mathbb{Z}_{>0}^2\mid a,b\ge1,\ a+b\le n+1\}.
\]
The points of \(T_n\) must be covered by \(n\) distinct lines, exactly \(k\) of which are *sunny* (not parallel to the \(x\)-axis, the \(y\)-axis, or the line \(x+y=0\)).

---

### 1.  Constructions

We show that each of \(0,1,3\) is attainable for every \(n\ge3\).

* \(k=0\): Take the \(n\) horizontal lines \(y=1,2,\dots,n\). They are non‑sunny and every point \((a,b)\in T_n\) satisfies \(b\le n\), so it lies on the line \(y=b\).

* \(k=1\): Take the \(n-1\) horizontal lines \(y=1,\dots,n-1\) (non‑sunny) and the sunny line \(y=2x+n-2\) (slope \(2\), not parallel to the axes or to \(x+y=0\)). It passes through \((1,n)\) and contains no other point of \(T_n\) (since for \(x\ge2\) we have \(y\ge n+2\)).

* \(k=3\):
  - For \(n=3\) use the three sunny lines  
    \[
    L_1:\ y=x,\qquad L_2:\ y=-\frac12x+\frac52,\qquad L_3:\ y=-2x+5.
    \]
    They cover all six points of \(T_3\).
  - For \(n\ge4\) take the \(n-3\) horizontal lines \(y=1,\dots,n-3\) (non‑sunny). The remaining points of \(T_n\) are those with \(y\ge n-2\):
    \[
    (1,n-2),\ (2,n-2),\ (3,n-2),\ (1,n-1),\ (2,n-1),\ (1,n).
    \]
    Cover them with the three sunny lines
    \[
    \begin{aligned}
    M_1&:\ \text{through }(1,n-2)\text{ and }(2,n-1),\quad\text{slope }1,\\
    M_2&:\ \text{through }(1,n-1)\text{ and }(3,n-2),\quad\text{slope }-\frac12,\\
    M_3&:\ \text{through }(1,n)\text{ and }(2,n-2),\quad\text{slope }-2.
    \end{aligned}
    \]
    All three slopes are different from \(0,\infty,-1\), so they are sunny. Together with the horizontals they cover every point of \(T_n\).

Thus \(k=0,1,3\) are realizable.

---

### 2.  The base case \(n=3\)

We show that for \(n=3\) the only possible values are \(0,1,3\).

The set \(T_3\) has the six points  
\[
(1,1),(1,2),(1,3),(2,1),(2,2),(3,1).
\]

* \(k=0\) and \(k=1\) are already given by the constructions above.
* \(k=3\) is given by the construction.

It remains to prove that \(k=2\) is impossible.  Suppose a covering of \(T_3\) by three lines contains exactly two sunny lines and one non‑sunny line.  The non‑sunny line must be horizontal, vertical, or of slope \(-1\) (parallel to \(x+y=0\)).  A sunny line can contain at most two points of \(T_3\) (any line containing three points of \(T_3\) is one of the three sides, which are non‑sunny).  Hence the two sunny lines can cover at most four points.  Therefore the non‑sunny line must cover at least two points of \(T_3\) (otherwise the two sunny lines would have to cover five points, which is impossible).  Consequently we only need to examine the non‑sunny lines that contain at least two points of \(T_3\):

\[
\begin{array}{c|c}
\text{line} & \text{points covered}\\\hline
y=1 & (1,1),(2,1),(3,1)\\
y=2 & (1,2),(2,2)\\
x=1 & (1,1),(1,2),(1,3)\\
x=2 & (2,1),(2,2)\\
x+y=3 & (1,2),(2,1)\\
x+y=4 & (1,3),(2,2),(3,1)
\end{array}
\]

For each case we show that the three points (or four points) not covered by the non‑sunny line cannot be covered by two sunny lines.

* **Case \(y=1\)**: uncovered \((1,2),(1,3),(2,2)\).  Any two of these lie on a non‑sunny line (vertical, horizontal, or slope \(-1\)); therefore a sunny line contains at most one of them.  Two sunny lines can cover at most two points, but three are needed.

* **Case \(y=2\)**: uncovered \((1,1),(1,3),(2,1),(3,1)\).  The only possible sunny pair is \((1,3)\) and \((2,1)\) (slope \(-2\)).  The remaining points \((1,1)\) and \((3,1)\) are collinear on a horizontal line, which is non‑sunny.  Hence two sunny lines cannot cover all four.

* **Case \(x=1\)**: uncovered \((2,1),(2,2),(3,1)\).  As in the first case, any two are on a non‑sunny line, so two sunny lines cover at most two points.

* **Case \(x=2\)**: uncovered \((1,1),(1,2),(1,3),(3,1)\).  The only possible sunny pair is \((1,2)\) and \((3,1)\) (slope \(-\frac12\)).  The remaining points \((1,1)\) and \((1,3)\) are vertical, non‑sunny.

* **Case \(x+y=3\)**: uncovered \((1,1),(1,3),(2,2),(3,1)\).  The only possible sunny pair is \((1,1)\) and \((2,2)\) (slope \(1\)).  The remaining points \((1,3)\) and \((3,1)\) are on the anti‑diagonal \(x+y=4\) (slope \(-1\)), non‑sunny.

* **Case \(x+y=4\)**: uncovered \((1,1),(1,2),(2,1)\).  Any two lie on a non‑sunny line, so two sunny lines cover at most two points.

In every case two sunny lines cannot cover the uncovered points.  Hence \(k=2\) is impossible for \(n=3\).  Therefore for \(n=3\) the attainable values are exactly \(0,1,3\).

---

### 3.  A key lemma for \(n\ge4\)

**Lemma.**  For any \(n\ge4\), if \(n\) distinct lines cover \(T_n\), then at least one of the three lines  
\[
x=1,\qquad y=1,\qquad x+y=n+1
\]
must be among them.

*Proof.*  Assume, for contradiction, that none of these three lines is present.  Denote the three sides of the triangle \(T_n\) by  
\[
S_1=\{ (1,b)\mid 1\le b\le n\},\quad
S_2=\{ (a,1)\mid 1\le a\le n\},\quad
S_3=\{ (a,b)\mid a+b=n+1\}.
\]
Each side contains exactly \(n\) points of \(T_n\).  Because the covering lines are distinct and none of them is a side, a line can intersect a given side in at most one point (if it is parallel to that side it meets it in no points, otherwise in exactly one).  

We first show that every line must intersect each side.  If a line did not intersect \(S_1\), it could not cover any point of \(S_1\).  The remaining \(n-1\) lines would have to cover all \(n\) points of \(S_1\), but each can cover at most one point of \(S_1\).  Hence at least \(n\) lines would be needed, contradicting the fact that we have only \(n\) lines.  Therefore every line intersects \(S_1\).  The same reasoning applies to \(S_2\) and \(S_3\).  Consequently each line meets each side in exactly one point.

Now consider a line \(\ell\).  It contains a point from \(S_1\), a point from \(S_2\), and a point from \(S_3\).  If these three points are distinct, then \(\ell\) would intersect the boundary of the convex triangle \(T_n\) in three distinct points.  A line that is not a side of a convex polygon can intersect its boundary in at most two points (the intersection of a line with a convex polygon is a segment; its endpoints lie on the boundary, and no other boundary point can lie on the line).  Therefore the three points cannot be distinct.  Hence at least two of them coincide.  The only points where two sides meet are the vertices \((1,1)\), \((1,n)\), and \((n,1)\).  Thus \(\ell\) must contain a vertex of the triangle.

Because the sides \(x=1\), \(y=1\), \(x+y=n+1\) are excluded, no line can pass through two vertices (that would be one of these sides).  Hence each line passes through exactly one vertex.

Let \(x,y,z\) be the numbers of lines passing through the vertices \((1,1)\), \((1,n)\), and \((n,1)\) respectively.  Then \(x+y+z=n\).

Now we count the lines that cover the points on the sides.  The point \((1,1)\) can only be covered by a line through \((1,1)\); therefore the number of lines covering \((1,1)\) is at most \(x\).  Similarly, \((1,n)\) can only be covered by lines through \((1,n)\), and \((n,1)\) only by lines through \((n,1)\).

Consider the left side \(S_1\).  The vertices \((1,1)\) and \((1,n)\) are covered by lines through the corresponding vertices.  The remaining \(n-2\) interior points of \(S_1\) (with \(b=2,\dots,n-1\)) cannot be covered by a line through \((1,1)\) (the only such line that contains another point of \(S_1\) would be the vertical line \(x=1\), which is excluded) nor by a line through \((1,n)\) (again, the only line through \((1,n)\) and another point of \(S_1\) is \(x=1\)).  Hence these interior points must be covered by lines through \((n,1)\).  Therefore at least \(n-2\) lines pass through \((n,1)\); i.e., \(z\ge n-2\).

Analogously, for the bottom side \(S_2\), the interior points \((2,1),\dots,(n-1,1)\) cannot be covered by lines through \((1,1)\) or through \((n,1)\) (the only such lines would be the horizontal line \(y=1\), which is excluded), so they must be covered by lines through \((1,n)\).  Hence \(y\ge n-2\).

For the hypotenuse \(S_3\), the interior points \((2,n-1),\dots,(n-1,2)\) cannot be covered by lines through \((1,n)\) or through \((n,1)\) (the only such lines would be the line \(x+y=n+1\), which is excluded), so they must be covered by lines through \((1,1)\).  Hence \(x\ge n-2\).

Adding these inequalities gives  
\[
x+y+z \ge 3(n-2).
\]
But \(x+y+z=n\), so \(n\ge 3n-6\), i.e., \(2n\le 6\), which forces \(n\le 3\).  This contradicts the assumption \(n\ge4\).  Therefore our initial assumption was false, and at least one of the three lines \(x=1\), \(y=1\), \(x+y=n+1\) must be present.  ∎

---

### 4.  Induction

We prove by induction on \(n\) that for every \(n\ge3\) the only possible values of \(k\) are \(0,1,3\).

**Base case \(n=3\):**  Already established.

**Induction step:**  Assume the statement holds for all integers \(m\) with \(3\le m<n\) (where \(n\ge4\)).  Consider a covering of \(T_n\) by \(n\) distinct lines that contains exactly \(k\) sunny lines.  By the lemma, the covering contains at least one of the three lines \(x=1\), \(y=1\), or \(x+y=n+1\).  Remove that line (which is non‑sunny, as all three are parallel to the axes or to \(x+y=0\)).  The remaining \(n-1\) lines cover the set of points of \(T_n\) that are not on the removed line.

We examine the three possibilities:

* If the removed line is \(x=1\), the uncovered points are those with \(a\ge2\).  After translating the coordinates by \((-1,0)\) we obtain the set  
  \[
  \{(a',b)\mid a',b\ge1,\ a'+b\le n\},
  \]
  which is exactly \(T_{n-1}\).  The translated lines are distinct and their slopes are unchanged, so the number of sunny lines among them is still \(k\).

* If the removed line is \(y=1\), the situation is symmetric; translate by \((0,-1)\) to obtain \(T_{n-1}\).

* If the removed line is \(x+y=n+1\), the remaining points already satisfy \(a+b\le n\), which is \(T_{n-1}\) (no translation needed).

Thus we have constructed a covering of \(T_{n-1}\) by \(n-1\) distinct lines with exactly \(k\) sunny lines.  By the induction hypothesis, \(k\in\{0,1,3\}\).

Therefore, for every \(n\ge3\), any covering of \(T_n\) with exactly \(k\) sunny lines must satisfy \(k\in\{0,1,3\}\).

---

### 5.  Conclusion

We have exhibited constructions for \(k=0,1,3\) for all \(n\ge3\), and we have proved that no other value of \(k\) is possible.  Hence the answer is  

\[
\boxed{k\in\{0,\;1,\;3\}}.
\]"
2,7,complete (coordinate proof),"We present an analytic proof.

**Setup.** Place the centers on the \(x\)-axis: \(M=(0,0)\), \(N=(d,0)\) with \(d>0\).  
Let the radii be \(r\) (for \(\Omega\)) and \(R\) (for \(\Gamma\)) with \(r<R\).  
The circles intersect in two distinct points, so \(|R-r|<d<R+r\).  
Define  
\[
a = R-r>0,\qquad b = R+r>0.
\]  
Then \(a<d<b\).  
The line \(MN\) meets \(\Omega\) at \(C\) and \(\Gamma\) at \(D\) with the order \(C,M,N,D\).  
Thus \(C=(-r,0)\) and \(D=(d+R,0)\).

Let \(A=(x_0,y_0)\) with \(y_0>0\) be one intersection; the other is \(B=(x_0,-y_0)\).  
From the circle equations we obtain  
\[
x_0=\frac{d^2-ab}{2d},\qquad 
y_0^2=\frac{(d^2-a^2)(b^2-d^2)}{4d^2}.
\]  
(The second formula follows from \(x_0^2+y_0^2=r^2\) and the expressions for \(x_0\) and \(r=\frac{b-a}{2}\).)

---

**The point \(P\) – circumcenter of \(\triangle ACD\).**  
Because \(C\) and \(D\) lie on the \(x\)-axis, the perpendicular bisector of \(CD\) is the vertical line  
\[
x=\frac{-r+(d+R)}{2}=\frac{d+R-r}{2}=\frac{d+a}{2}.
\]  
Hence \(P\) has coordinates \(\bigl(\frac{d+a}{2},\,y_P\bigr)\).  
Using \(PA=PC\) we find \(y_P\).  From  
\[
\Bigl(\frac{d+a}{2}-x_0\Bigr)^2+(y_P-y_0)^2=\Bigl(\frac{d+a}{2}+r\Bigr)^2+y_P^2,
\]  
simplifying (using \(x_0^2+y_0^2=r^2\)) gives  
\[
y_P=-\frac{\frac{d+a}{2}\,(x_0+r)}{y_0}.
\]  
Now \(x_0+r=\frac{(d+r)^2-R^2}{2d}=\frac{(d-a)(d+b)}{2d}\).  Substituting and using \(y_0^2=\frac{(d^2-a^2)(b^2-d^2)}{4d^2}\) we obtain  
\[
y_P=-\frac{d\,y_0}{b-d}.
\]  
Thus  
\[
P=\Bigl(\frac{d+a}{2},\;-\frac{d\,y_0}{b-d}\Bigr).
\]

---

**The vector \(v=P-A\) and the points \(E,F\).**  
\[
v=P-A=\Bigl(\frac{a(d+b)}{2d},\;-\frac{b\,y_0}{b-d}\Bigr).
\]  
Compute the dot products with the centres:  
\[
A\cdot v = -\frac{r\,(d+b)}{2},\qquad
(A-N)\cdot v = -\frac{R\,(d+b)}{2}.
\]  
(These are obtained by direct substitution and using \(x_0^2+y_0^2=r^2\) and the relation \(x_0-d=-(d^2+ab)/(2d)\).)  

The line \(AP\) meets \(\Omega\) again at \(E\) and \(\Gamma\) again at \(F\).  
For a circle with centre \(O\) and radius \(\rho\), the second intersection of the line through \(A\) with direction \(v\) is given by \(A+t v\) with  
\[
t=-2\frac{(A-O)\cdot v}{|v|^2}.
\]  
Hence  
\[
E=A+t_E v,\quad t_E=-2\frac{A\cdot v}{|v|^2}=\frac{r(d+b)}{|v|^2},\qquad
F=A+t_F v,\quad t_F=-2\frac{(A-N)\cdot v}{|v|^2}=\frac{R(d+b)}{|v|^2}.
\]  
Now  
\[
|v|^2 = \frac{a^2(d+b)^2}{4d^2}+\frac{b^2y_0^2}{(b-d)^2}
       = \frac{(d+b)(b^2-a^2)}{4(b-d)}.
\]  
Therefore  
\[
t_E = \frac{r(d+b)}{|v|^2}= \frac{b-d}{R},\qquad
t_F = \frac{R(d+b)}{|v|^2}= \frac{b-d}{r}.
\]  
Consequently  
\[
E = A+\frac{b-d}{R}\,v,\qquad 
F = A+\frac{b-d}{r}\,v.
\]  
Explicitly,  
\[
x_E = x_0+\frac{a(b-d)(d+b)}{2dR},\quad y_E = y_0-\frac{b\,y_0}{R}= -\frac{r}{R}\,y_0,
\]  
\[
x_F = x_0+\frac{a(b-d)(d+b)}{2dr},\quad y_F = y_0-\frac{b\,y_0}{r}= -\frac{R}{r}\,y_0.
\]

---

**The circumcenter \(O\) of \(\triangle BEF\).**  
Let \(O=(X,Y)\).  The equalities \(|OB|=|OE|\) and \(|OB|=|OF|\) give two linear equations.  
From \(|OB|=|OE|\) we obtain, using \(x_0^2+y_0^2=r^2\) and \(x_E^2+y_E^2=r^2\),  
\[
X(x_E-x_0)+Y(y_0+y_E)=0. \tag{1}
\]  
From \(|OB|=|OF|\) we obtain (using \(x_F^2+y_F^2=R^2+2dx_F-d^2\))  
\[
X(x_F-x_0)+Y(y_0+y_F)=\frac{x_F^2+y_F^2-r^2}{2}. \tag{2}
\]  
Now compute the needed differences:  
\[
x_E-x_0=\frac{a(b-d)(d+b)}{2dR},\quad y_0+y_E=y_0\Bigl(1-\frac{r}{R}\Bigr)=\frac{a}{R}\,y_0,
\]  
\[
x_F-x_0=\frac{a(b-d)(d+b)}{2dr},\quad y_0+y_F=y_0\Bigl(1-\frac{R}{r}\Bigr)=-\frac{a}{r}\,y_0.
\]  
Set \(t=b-d\) for brevity.  Then (1) becomes  
\[
X\frac{a t(d+b)}{2dR}+Y\frac{a}{R}y_0=0 \;\Longrightarrow\; X\frac{t(d+b)}{2d}+Y y_0=0. \tag{1'}
\]  
For (2) we need \(x_F^2+y_F^2-r^2\).  Since \(F\) lies on \(\Gamma\),  
\[
(x_F-d)^2+y_F^2=R^2\;\Longrightarrow\; x_F^2+y_F^2=R^2+2dx_F-d^2.
\]  
Hence  
\[
x_F^2+y_F^2-r^2 = (R^2-r^2)+2dx_F-d^2 = ab+2dx_F-d^2.
\]  
Using \(x_F=x_0+\frac{a t(d+b)}{2dr}\) and \(x_0=\frac{d^2-ab}{2d}\), we get  
\[
2dx_F = d^2-ab+\frac{a t(d+b)}{r},
\]  
so  
\[
x_F^2+y_F^2-r^2 = ab+\bigl(d^2-ab+\frac{a t(d+b)}{r}\bigr)-d^2 = \frac{a t(d+b)}{r}.
\]  
Thus the right‑hand side of (2) is \(\frac{1}{2}\cdot\frac{a t(d+b)}{r}\).  Equation (2) becomes  
\[
X\frac{a t(d+b)}{2dr}+Y\Bigl(-\frac{a}{r}y_0\Bigr)=\frac{a t(d+b)}{2r}
\;\Longrightarrow\; X\frac{t(d+b)}{2d}-Y y_0=\frac{t(d+b)}{2}. \tag{2'}
\]  
From (1') we have \(Y=-\frac{X t(d+b)}{2d y_0}\).  Substituting into (2') gives  
\[
X\frac{t(d+b)}{2d}+\frac{X t(d+b)}{2d}=\frac{t(d+b)}{2}\;\Longrightarrow\; X\frac{t(d+b)}{d}=\frac{t(d+b)}{2},
\]  
so \(X=\frac{d}{2}\).  Then \(Y=-\frac{d}{2}\cdot\frac{t(d+b)}{2d y_0}=-\frac{t(d+b)}{4y_0}\).  
Therefore  
\[
O=\Bigl(\frac{d}{2},\;-\frac{t(d+b)}{4y_0}\Bigr).
\]

---

**The orthocentre \(H\) of \(\triangle PMN\).**  
\(M=(0,0)\) and \(N=(d,0)\) lie on the \(x\)-axis, so the altitude from \(P\) is vertical: \(x=\frac{d+a}{2}\).  
The altitude from \(M\) is perpendicular to \(PN\).  Vector \(PN = N-P = \bigl(\frac{d-a}{2},\frac{d y_0}{t}\bigr)\).  A direction perpendicular to \(PN\) is \(\bigl(\frac{d y_0}{t},-\frac{d-a}{2}\bigr)\).  
The altitude from \(M\) is \((x,y)=s\bigl(\frac{d y_0}{t},-\frac{d-a}{2}\bigr)\).  Intersecting with \(x=\frac{d+a}{2}\) gives  
\[
s=\frac{(d+a)/2}{d y_0/t}=\frac{(d+a)t}{2d y_0},
\]  
and then  
\[
y = s\Bigl(-\frac{d-a}{2}\Bigr)=-\frac{(d+a)(d-a)t}{4d y_0}=-\frac{t(d^2-a^2)}{4d y_0}.
\]  
Hence  
\[
H=\Bigl(\frac{d+a}{2},\;-\frac{t(d^2-a^2)}{4d y_0}\Bigr).
\]

---

**Tangency of the line through \(H\) parallel to \(AP\) to \((BEF)\).**  
The line \(L\) through \(H\) parallel to \(AP\) has direction \(v\).  Its distance from \(O\) is  
\[
\delta = \frac{|(O-H)\times v|}{|v|},
\]  
where \(\times\) denotes the two‑dimensional cross product (determinant).  We show that \(\delta = |OB|\), the radius of the circumcircle of \(\triangle BEF\).

Compute \(O-H\):  
\[
O_x-H_x = \frac{d}{2}-\frac{d+a}{2}= -\frac{a}{2},
\]  
\[
O_y-H_y = -\frac{t(d+b)}{4y_0}+\frac{t(d^2-a^2)}{4d y_0}
       = \frac{t}{4y_0}\Bigl(-(d+b)+\frac{d^2-a^2}{d}\Bigr)
       = -\frac{t(d b+a^2)}{4d y_0}.
\]  
Thus  
\[
O-H = \Bigl(-\frac{a}{2},\;-\frac{t(d b+a^2)}{4d y_0}\Bigr).
\]  
Now \(v = \bigl(\frac{a(d+b)}{2d},\;-\frac{b y_0}{t}\bigr)\).  The cross product is  
\[
(O-H)\times v = \Bigl(-\frac{a}{2}\Bigr)\Bigl(-\frac{b y_0}{t}\Bigr)
            - \Bigl(-\frac{t(d b+a^2)}{4d y_0}\Bigr)\Bigl(\frac{a(d+b)}{2d}\Bigr)
          = \frac{a b y_0}{2t} + \frac{a t(d b+a^2)(d+b)}{8 d^2 y_0}.
\]  
Simplify this expression.  Multiply by \(8 d y_0\):  
\[
8 d y_0\bigl((O-H)\times v\bigr) = a\Bigl(\frac{4 d b y_0^2}{t} + \frac{t(d b+a^2)(d+b)}{d}\Bigr).
\]  
Using \(y_0^2 = \frac{(d^2-a^2)t(d+b)}{4d^2}\) we have  
\[
\frac{4 d b y_0^2}{t} = \frac{4 d b}{t}\cdot\frac{(d^2-a^2)t(d+b)}{4d^2}
= \frac{b(d^2-a^2)(d+b)}{d}.
\]  
Hence  
\[
8 d y_0\bigl((O-H)\times v\bigr) = a\Bigl(\frac{b(d^2-a^2)(d+b)}{d} + \frac{t(d b+a^2)(d+b)}{d}\Bigr)
= \frac{a(d+b)}{d}\Bigl(b(d^2-a^2)+t(d b+a^2)\Bigr).
\]  
Since \(t=b-d\),  
\[
b(d^2-a^2)+(b-d)(d b+a^2)=b d^2 - b a^2 + b^2 d - d^2 b + b a^2 - d a^2 = d(b^2-a^2).
\]  
Thus  
\[
8 d y_0\bigl((O-H)\times v\bigr) = \frac{a(d+b)}{d}\cdot d(b^2-a^2)=a(d+b)(b^2-a^2),
\]  
and consequently  
\[
(O-H)\times v = \frac{a(d+b)(b^2-a^2)}{8 d y_0}.
\]  
Now \(|v|^2 = \frac{(d+b)(b^2-a^2)}{4t}\), so  
\[
|v| = \sqrt{\frac{(d+b)(b^2-a^2)}{4t}}.
\]  
Therefore  
\[
\delta = \frac{|(O-H)\times v|}{|v|}
      = \frac{a(d+b)(b^2-a^2)}{8 d y_0}\cdot\frac{\sqrt{4t}}{\sqrt{(d+b)(b^2-a^2)}}
      = \frac{a\sqrt{(b^2-a^2)}\sqrt{d+b}\,\sqrt{t}}{4 d y_0}.
\]  
Squaring,  
\[
\delta^2 = \frac{a^2(b^2-a^2)(d+b)t}{16 d^2 y_0^2}.
\]  
Substitute \(y_0^2 = \frac{(d^2-a^2)t(d+b)}{4d^2}\):  
\[
\delta^2 = \frac{a^2(b^2-a^2)(d+b)t}{16 d^2}\cdot\frac{4d^2}{(d^2-a^2)t(d+b)}
        = \frac{a^2(b^2-a^2)}{4(d^2-a^2)}. \tag{3}
\]

Now compute \(|OB|^2\).  From \(O=\bigl(\frac{d}{2},-\frac{t(d+b)}{4y_0}\bigr)\) and \(B=(x_0,-y_0)\) we have  
\[
\frac{d}{2}-x_0 = \frac{d}{2}-\frac{d^2-ab}{2d} = \frac{ab}{2d},
\]  
\[
Y+y_0 = -\frac{t(d+b)}{4y_0}+y_0 = \frac{-t(d+b)+4y_0^2}{4y_0}
       = \frac{-t(d+b)+\frac{(d^2-a^2)t(d+b)}{d^2}}{4y_0}
       = -\frac{a^2 t(d+b)}{4d^2 y_0}.
\]  
Thus  
\[
|OB|^2 = \frac{a^2 b^2}{4d^2} + \frac{a^4 t^2(d+b)^2}{16 d^4 y_0^2}
       = \frac{a^2 b^2}{4d^2} + \frac{a^4 t(d+b)}{4d^2(d^2-a^2)}
\]  
(using \(y_0^2 = \frac{(d^2-a^2)t(d+b)}{4d^2}\)).  Factor \(\frac{a^2}{4d^2}\):  
\[
|OB|^2 = \frac{a^2}{4d^2}\Bigl(b^2 + \frac{a^2 t(d+b)}{d^2-a^2}\Bigr).
\]  
Multiply by \(4d^2(d^2-a^2)\):  
\[
4d^2(d^2-a^2)|OB|^2 = a^2 b^2(d^2-a^2) + a^4 t(d+b).
\]  
Using \(b^2(d^2-a^2) = (b^2-a^2)(d^2-a^2) + a^2(d^2-a^2)\) and the identity \(t(b^2-a^2)=?\) we instead directly verify that  
\[
\frac{a^2}{4d^2}\Bigl(b^2 + \frac{a^2 t(d+b)}{d^2-a^2}\Bigr) = \frac{a^2(b^2-a^2)}{4(d^2-a^2)}.
\]  
Multiplying both sides by \(4d^2(d^2-a^2)\) gives  
\[
a^2 b^2(d^2-a^2) + a^4 t(d+b) = a^2 d^2 (b^2-a^2).
\]  
Divide by \(a^2\):  
\[
b^2(d^2-a^2) + a^2 t(d+b) = d^2(b^2-a^2).
\]  
Expand the left side:  
\[
b^2 d^2 - b^2 a^2 + a^2(b-d)(d+b) = b^2 d^2 - b^2 a^2 + a^2(b^2-d^2)
 = b^2 d^2 - a^2 d^2 = d^2(b^2-a^2).
\]  
Thus the equality holds, so  
\[
|OB|^2 = \frac{a^2(b^2-a^2)}{4(d^2-a^2)} = \delta^2.
\]  
Hence the distance from \(O\) to the line \(L\) equals the radius of the circumcircle of \(\triangle BEF\); therefore \(L\) is tangent to that circle.

∎"
3,2,partial — construction (c≥4) only; upper-bound crux incomplete,"We prove that the smallest possible constant is \(c=4\).

---
### 1.  Basic consequences of the definition  

For a bonza function \(f:\mathbb N\to\mathbb N\) we have  

\[
f(a)\mid b^{a}-f(b)^{f(a)}\qquad (a,b\in\mathbb N).
\]

* **\(a=b=1\):**  \(f(1)\mid 1^{1}-f(1)^{f(1)}=1-f(1)^{f(1)}\).  
  Since \(f(1)\mid f(1)^{f(1)}\), we obtain \(f(1)\mid1\); hence \(f(1)=1\).

* **\(a=b=2\):**  \(f(2)\mid 4-f(2)^{f(2)}\).  
  Because \(f(2)\mid f(2)^{f(2)}\), we get \(f(2)\mid4\). Thus \(f(2)\in\{1,2,4\}\).

---
### 2.  Eliminating \(f(2)=2\)

Assume \(f(2)=2\).  
Take \(a=2,\;b=6\):  

\[
f(2)\mid 6^{2}-f(6)^{2}=36-f(6)^{2}\;\Longrightarrow\;2\mid36-f(6)^{2}.
\]

Hence \(f(6)^{2}\equiv0\pmod2\), so \(f(6)\) is even.  

Now take \(a=6,\;b=3\):  

\[
f(6)\mid 3^{6}-f(3)^{f(6)}=216-f(3)^{f(6)}.
\]

From \(a=b=3\) we have \(f(3)\mid27\); thus \(f(3)\) is odd.  
Since \(f(6)\) is even and \(f(3)^{f(6)}\) is odd, the right‑hand side \(216-f(3)^{f(6)}\) is odd.  
An even integer cannot divide an odd integer (unless the odd integer is \(0\), but it is not).  
This contradiction shows that \(f(2)\neq2\).  

Consequently  

\[
\boxed{f(2)=1\quad\text{or}\quad f(2)=4}.
\]

---
### 3.  Determining \(f(3)\)

From \(a=3,\;b=2\) we have  

\[
f(3)\mid 2^{3}-f(2)^{f(3)}=8-f(2)^{f(3)}.
\]

From \(a=b=3\) we have  

\[
f(3)\mid 27.
\]

*If \(f(2)=1\):* then \(f(3)\mid7\) and \(f(3)\mid27\), so \(f(3)=1\).

*If \(f(2)=4\):* the divisors of \(27\) are \(1,3,9,27\).  
  – \(f(3)=3\): \(8-4^{3}=8-64=-56\), not divisible by \(3\).  
  – \(f(3)=9\): \(4^{9}\equiv1\pmod9\) (since \(4^{3}\equiv1\pmod9\)), hence \(8-4^{9}\equiv7\pmod9\), not divisible by \(9\).  
  – \(f(3)=27\): using \(4^{9}\equiv1\pmod{27}\) (by Euler’s theorem), \(4^{27}\equiv1\pmod{27}\); then \(8-4^{27}\equiv7\pmod{27}\), not divisible by \(27\).  

Thus only \(f(3)=1\) works.  

Hence  

\[
\boxed{f(3)=1}.
\]

---
### 4.  Odd primes map to \(1\)

Let \(p\) be an odd prime.  

From \(a=p,\;b=3\) we have  

\[
f(p)\mid 3^{p}-f(3)^{f(p)}=3^{p}-1.
\]

From \(a=p,\;b=p\) we have  

\[
f(p)\mid p^{p}.
\]

Because \(p\) is odd, Fermat’s little theorem gives \(3^{p}\equiv3\pmod p\), so \(3^{p}-1\equiv2\pmod p\).  
Thus \(\gcd(p^{p},\,3^{p}-1)=1\), and therefore  

\[
f(p)=1.
\]

---
### 5.  All odd numbers are \(1\)

Let \(n\) be odd and \(n>1\).  
Suppose an odd prime \(q\) divides \(f(n)\).  
From \(f(n)\mid n^{n}\) (take \(b=n\)) we obtain \(q\mid n\).  

Now use the condition with \(a=n,\;b=q\) and \(f(q)=1\):  

\[
f(n)\mid q^{n}-1.
\]

Then \(q\mid q^{n}-1\), but \(q\mid q^{n}\) as well, so \(q\mid1\) – impossible.  
Hence no odd prime divides \(f(n)\).  

Moreover \(n^{n}\) is odd, so every divisor of \(n^{n}\) is odd; consequently \(f(n)\) is odd.  
The only odd power of \(2\) is \(1\). Therefore  

\[
\boxed{f(n)=1\ \text{for every odd }n}.
\]

---
### 6.  Even numbers are powers of two  

Let \(n\) be even and write \(n=2^{k}m\) with \(m\) odd, \(k\ge1\).  

If an odd prime \(q\) divided \(f(n)\), then from \(f(n)\mid n^{n}\) we would have \(q\mid n\).  
Using \(a=n,\;b=q\) and \(f(q)=1\) we would obtain \(f(n)\mid q^{n}-1\), forcing \(q\mid q^{n}-1\) – impossible.  
Thus \(f(n)\) contains no odd prime factor, so \(f(n)=2^{e_{n}}\) for some integer \(e_{n}\ge0\).

---
### 7.  Upper bound \(f(n)\le 4n\)  

For \(n=2\) we have \(f(2)\le4\) and \(4\le8\); for odd \(n\) we have \(f(n)=1\le4n\).  

Now let \(n\) be even, \(n=2^{k}m\) with \(m\) odd, \(k\ge1\).  
From the condition with \(a=n,\;b=3\) (recall \(f(3)=1\)) we get  

\[
2^{e_{n}}\mid 3^{n}-1.
\]

Apply the Lifting‑the‑Exponent Lemma (LTE) for the prime \(2\):  

\[
v_{2}(3^{n}-1)=v_{2}(3-1)+v_{2}(3+1)+v_{2}(n)-1=1+2+k-1=k+2,
\]

because \(n=2^{k}m\) with \(m\) odd gives \(v_{2}(n)=k\).  
Hence \(e_{n}\le k+2\), i.e.  

\[
f(n)=2^{e_{n}}\le 2^{k+2}=4\cdot2^{k}\le 4n.
\]

Thus for every bonza function \(f\) and every \(n\in\mathbb N\),  

\[
\boxed{f(n)\le 4n}.
\]

---
### 8.  Sharpness – the constant \(4\) cannot be lowered  

We construct a bonza function that attains the bound \(4\) at \(n=4\).  

Define  

\[
\begin{aligned}
&f(1)=1,\\[2mm]
&f(n)=1 \quad\text{for all odd }n>1,\\[2mm]
&f(2)=4,\\[2mm]
&\text{for even }n\ge4,\ \text{write }n=2^{k}m\;(m\text{ odd},\;k\ge1),\ \text{and set }f(n)=2^{k+2}.
\end{aligned}
\]

(For example, \(f(4)=2^{2+2}=16\), \(f(6)=2^{1+2}=8\), \(f(8)=2^{3+2}=32\), etc.)

We verify that this \(f\) is bonza.

* **\(a\) odd:** \(f(a)=1\) and the condition holds trivially.

* **\(a=2\):** \(f(2)=4\).  
  – \(b\) odd: \(b^{2}\equiv1\pmod8\), so \(b^{2}-1\) is divisible by \(8\) and hence by \(4\).  
  – \(b\) even: write \(b=2^{r}u\) with \(u\) odd, \(r\ge1\).  
    * If \(r=1\) and \(b=2\): \(2^{2}-4^{4}=4-256=-252\), divisible by \(4\).  
    * If \(r=1\) and \(b\ge4\) (so \(b=2u\) with \(u\ge3\)): then \(f(b)=2^{1+2}=8\).  
      \[
      b^{2}-f(b)^{4}=2^{2}u^{2}-2^{12}=4(u^{2}-4096).
      \]
      Since \(u\) is odd, \(u^{2}\) is odd, so \(u^{2}-4096\) is odd. Hence the whole expression is divisible by \(4\).  
    * If \(r\ge2\): then \(f(b)=2^{r+2}\).  
      \[
      b^{2}-f(b)^{4}=2^{2r}u^{2}-2^{4(r+2)}=2^{2r}(u^{2}-2^{4r+8}).
      \]
      The factor in parentheses is odd (odd minus even), so the expression is divisible by \(2^{2r}\). Because \(r\ge2\), \(2r\ge4\), thus it is divisible by \(4\).

* **\(a\) even, \(a\ge4\):** write \(a=2^{k}m\) with \(m\) odd, \(k\ge1\). Then \(f(a)=2^{k+2}\).  

  **\(b\) odd:** \(f(b)=1\). By LTE for the prime \(2\) (since \(a\) is even),  
  \[
  v_{2}(b^{a}-1)=v_{2}(b-1)+v_{2}(b+1)+v_{2}(a)-1.
  \]
  The numbers \(b-1\) and \(b+1\) are consecutive even numbers, so at least one is divisible by \(4\); hence \(v_{2}(b-1)+v_{2}(b+1)\ge3\).  
  Therefore  
  \[
  v_{2}(b^{a}-1)\ge3+k-1=k+2,
  \]
  so \(2^{k+2}\mid b^{a}-1=b^{a}-f(b)^{f(a)}\).

  **\(b=2\):** \(f(2)=4\). Then  
  \[
  2^{a}-4^{2^{k+2}}=2^{a}-2^{2^{k+3}}.
  \]
  The exponent of \(2\) in the difference is at least \(\min(a,2^{k+3})\) (if the exponents are equal, the difference is \(0\)).  
  Since \(a\ge2^{k}\) (because \(v_{2}(a)=k\)), we have:  
  – for \(k=1\): \(a\ge4\) and \(2^{k+3}=16\), so \(\min(a,16)\ge4\ge3=k+2\);  
  – for \(k\ge2\): \(2^{k}\ge k+2\) and \(2^{k+3}\ge k+2\), so \(\min\ge k+2\).  
  Hence the difference is divisible by \(2^{k+2}\).

  **\(b\) even, \(b\ge4\):** write \(b=2^{r}u\) with \(u\) odd, \(r\ge1\). Then \(f(b)=2^{r+2}\).  
  \[
  b^{a}=2^{ra}u^{a},\qquad f(b)^{f(a)}=2^{(r+2)2^{k+2}}.
  \]
  The \(2\)-adic valuation of the difference is at least \(\min(ra,\,(r+2)2^{k+2})\) (if the two terms are equal, the difference is \(0\)).  
  Because \(a=2^{k}m\) with \(m\ge1\), we have \(ra\ge r\cdot2^{k}\ge2^{k}\) (since \(r\ge1\)).  
  – For \(k=1\): \(a\ge4\) (as \(a\ge4\) and \(k=1\) forces \(m\ge2\)), so \(ra\ge4\ge3=k+2\).  
  – For \(k\ge2\): \(2^{k}\ge k+2\), hence \(ra\ge k+2\).  
  Also \((r+2)2^{k+2}\ge 3\cdot2^{k+2}\ge k+2\) for all \(k\ge1\).  
  Therefore \(\min\ge k+2\), and the difference is divisible by \(2^{k+2}\).

In every case \(2^{k+2}\mid b^{a}-f(b)^{f(a)}\), so the condition holds for all \(a,b\).  

For \(n=4\) we have \(f(4)=2^{2+2}=16=4\cdot4\), showing that the bound \(4n\) is attained.  
Therefore no constant smaller than \(4\) can work.

---
### 9.  Conclusion  

We have proved that every bonza function satisfies \(f(n)\le4n\) for all \(n\in\mathbb N\), and that the constant \(4\) is best possible. Hence the smallest real constant \(c\) with the required property is  

\[
\boxed{4}.
\]"
4,7,complete,"Let \(f(N)\) denote the sum of the three largest proper divisors of a positive integer \(N\) (when \(N\) has at least three proper divisors).  
The sequence satisfies \(a_{n+1}=f(a_n)\) and every term must have at least three proper divisors.

---
### 1.  A useful representation

For \(N\) with at least three proper divisors, let \(d_1<d_2<d_3\) be the three smallest divisors of \(N\) that are larger than \(1\).  
If \(N\) has exactly two proper divisors larger than \(1\) (i.e. \(N=p^2\) or \(N=pq\) with \(p,q\) primes), we set \(d_3=N\).  
Then the three largest proper divisors are \(N/d_1,\,N/d_2,\,N/d_3\), and  

\[
f(N)=\frac{N}{d_1}+\frac{N}{d_2}+\frac{N}{d_3}.
\]

---
### 2.  Numbers not divisible by \(6\) cannot occur in an infinite sequence

**Lemma 1.**  If \(6\nmid N\) then \(f(N)<N\) and \(6\nmid f(N)\).

*Proof.*  We consider two cases.

*Case 1: \(N\) is odd.*  
All divisors of \(N\) are odd, hence the three largest proper divisors are odd, so \(f(N)\) is odd; therefore \(6\nmid f(N)\).  
If \(N\) has at least three proper divisors larger than \(1\), the smallest such are at least \(3,5,7\), giving  

\[
f(N)\le N\!\left(\frac13+\frac15+\frac17\right)=\frac{71}{105}N<N.
\]

If \(N\) has exactly two proper divisors larger than \(1\) (so \(N=pq\) with distinct primes or \(N=p^3\)), then the three largest proper divisors are \(q,p,1\) (or \(p^2,p,1\) for \(p^3\)), and one checks directly that \(f(N)<N\) (for \(pq\): \(p+q+1<pq\) for \(p,q\ge3\); for \(p^3\): \(p^2+p+1<p^3\)).  
Thus in all subcases \(f(N)<N\). ∎

*Case 2: \(N\) is even but \(3\nmid N\).*  
Write \(N=2^a m\) with \(a\ge1\) and \(m\) odd, \(3\nmid m\).

*Subcase 2a: \(a\ge2\).*  
Then the three smallest divisors greater than \(1\) are \(2,4\) and some divisor \(d\ge5\) (since \(3\nmid N\)).  Hence  

\[
f(N)=\frac{N}{2}+\frac{N}{4}+\frac{N}{d}\le N\!\left(\frac12+\frac14+\frac15\right)=\frac{19}{20}N<N.
\]

Now \(f(N)\) is not divisible by \(3\): reduce modulo \(3\).  Because \(N\equiv\pm1\pmod3\),  

\[
\frac{N}{2}\equiv 2N,\quad \frac{N}{4}\equiv N,\quad \frac{N}{d}\equiv N\cdot d\pmod3,
\]  
where \(d\not\equiv0\pmod3\).  Thus  

\[
f(N)\equiv N(2+1+d)=3N+Nd\equiv Nd\pmod3,
\]  
which is non‑zero.  Consequently \(3\nmid f(N)\), so \(6\nmid f(N)\).

*Subcase 2b: \(a=1\).*  
Then \(N=2m\) with \(m\) odd, \(3\nmid m\).  The second smallest divisor is \(d_2\), the smallest odd divisor of \(m\) (which is \(\ge5\) because \(3\nmid m\)).  The third smallest divisor is either an odd divisor \(d_3\) (if it is smaller than \(2d_2\)) or \(2d_2\) (otherwise).  

- **If \(d_3\) is odd:** then \(f(N)=m+\frac{2m}{d_2}+\frac{2m}{d_3}\) is odd (because \(m\) is odd and the other two terms are even), so \(6\nmid f(N)\).  
- **If \(d_3=2d_2\):** then \(f(N)=m+3\cdot\frac{m}{d_2}\).  Since \(m\) is not a multiple of \(3\) and \(\frac{m}{d_2}\) is an integer, \(f(N)\equiv m\pmod3\), hence \(3\nmid f(N)\); moreover \(f(N)\) is even, but the lack of a factor \(3\) already gives \(6\nmid f(N)\).

In both subcases the inequality \(f(N)<N\) holds because  

\[
f(N)\le m+\frac{2m}{d_2}+\frac{2m}{d_2}=m+\frac{4m}{d_2}\le m+\frac{4m}{5}=1.8m<2m=N.
\]

Thus Lemma 1 is proved. ∎

**Corollary.**  If some term \(a_n\) were not divisible by \(6\), then Lemma 1 would give \(a_{n+1}<a_n\) and \(6\nmid a_{n+1}\).  Repeating, we would obtain an infinite strictly decreasing sequence of positive integers, which is impossible.  Hence every term of an infinite sequence must be a multiple of \(6\).  In particular \(a_1\) is divisible by \(6\).

---
### 3.  The transformation for multiples of \(6\)

Let \(N\) be a multiple of \(6\).  The three smallest divisors larger than \(1\) are \(2\) and \(3\); the next one is the smallest divisor among \(4,5,6,\dots\).  Consequently  

\[
f(N)=
\begin{cases}
N, & \text{if }4\nmid N\text{ and }5\nmid N,\\[2mm]
\dfrac{13}{12}N, & \text{if }4\mid N,\\[2mm]
\dfrac{31}{30}N, & \text{if }4\nmid N\text{ and }5\mid N.
\end{cases}
\tag{1}
\]

(If both \(4\) and \(5\) divide \(N\), the third smallest divisor is \(4\), so the first case applies.)

---
### 4.  The factor \(5\) cannot appear

Suppose some term \(N\) is divisible by \(5\).  Because all terms are multiples of \(6\), \(N\) is a multiple of \(30\).

*If \(4\nmid N\)*, then (1) gives \(f(N)=\frac{31}{30}N=31t\) with \(t=N/30\).  Since \(4\nmid N\), \(t\) is odd; thus \(f(N)\) is odd, hence not a multiple of \(6\) – contradiction.

*If \(4\mid N\)*, write \(N=12m\) with \(m\) integer.  Then \(5\mid N\) implies \(5\mid m\).  From (1), \(f(N)=13m\).  Because \(13\) and \(12\) are coprime to \(5\), the factor \(5\) persists in the next term.  Moreover, \(v_2(N)\ge2\).  Applying the transformation for numbers divisible by \(4\) repeatedly, the exponent of \(2\) decreases by \(2\) each step while the exponent of \(3\) decreases by \(1\).  For the sequence to remain composed of multiples of \(6\), we must never reach a term with \(v_2=0\) (which would be odd and not divisible by \(6\)).  Therefore the initial \(v_2\) must be odd; after \((v_2-1)/2\) steps we obtain a term with \(v_2=1\), i.e. not divisible by \(4\).  This term is still divisible by \(5\), so the next step would produce a number not divisible by \(6\) – contradiction.

Thus **no term can be divisible by \(5\)**.  Consequently every term is a multiple of \(6\) and not a multiple of \(5\).

---
### 5.  Structure of the sequence

From (1), the only possible behaviour for a term not divisible by \(5\) is:

* either it is a fixed point (\(4\nmid N\) and \(5\nmid N\));
* or it is divisible by \(4\) (and hence also by \(12\) because \(N\) is a multiple of \(6\)), and then \(f(N)=\frac{13}{12}N\).

For a term divisible by \(4\) to have a next term that is still a multiple of \(6\), we need \(\frac{13}{12}N\) to be divisible by \(6\).  Since \(13\) is coprime to \(6\), this forces \(N\) to be divisible by \(72\).  Hence every term that is not a fixed point must be a multiple of \(72\).

Now write \(N=2^a\cdot3^b\cdot r\) with \(r\) coprime to \(6\).  Because \(N\) is a multiple of \(6\), we have \(a\ge1,\;b\ge1\).

*If \(a=1\)* (i.e. \(4\nmid N\)), then \(N\) is a fixed point, provided also \(5\nmid N\) (which we already know).  
*If \(a\ge2\)*, then \(N\) is divisible by \(4\) and  

\[
f(N)=\frac{13}{12}N=13\cdot2^{a-2}\cdot3^{b-1}\cdot r.
\]

Thus the exponents transform as  

\[
(a,b)\;\longmapsto\;(a-2,\;b-1).
\]

For the sequence to be infinite we must eventually reach a term with \(a=1\) (otherwise we would get an odd term, not a multiple of \(6\)) and \(b\ge1\).  This requires:

* \(a\) is odd (so that after a finite number of steps we reach \(a=1\));
* \(b\ge\frac{a+1}{2}\) (so that after \((a-1)/2\) steps the exponent of \(3\) is still at least \(1\)).

Additionally, the initial term must not be divisible by \(5\) (as already established).

---
### 6.  Characterisation of the possible \(a_1\)

Let \(\alpha=v_2(a_1)\), \(\beta=v_3(a_1)\).  The conditions are  

\[
\alpha\ \text{odd},\qquad \beta\ge\frac{\alpha+1}{2},\qquad 5\nmid a_1.
\]

Write \(\alpha=2r+1\) with \(r\ge0\).  Then \(\beta=r+1+s\) with \(s\ge0\).  Hence  

\[
a_1 = 2^{2r+1}\cdot3^{r+1+s}\cdot m = 6\cdot12^r\cdot(3^s m),
\]  
where \(m\) is coprime to \(6\).  Set \(u=3^s m\).  Because \(m\) is coprime to \(6\), \(u\) is odd, and since \(5\nmid a_1\), we have \(5\nmid u\).  Conversely, if \(a_1=6\cdot12^r\cdot u\) with \(u\) odd and \(5\nmid u\), then \(v_2(a_1)=2r+1\) (odd), \(v_3(a_1)=r+1\), and \(\beta=\frac{\alpha+1}{2}\); therefore the conditions are satisfied.

Thus the set of possible initial values is exactly  

\[
\boxed{\{\,6\cdot12^{\,r}\cdot u\mid r\ge0,\; u\text{ odd},\;5\nmid u\,\}}.
\]

---
### 7.  Verification

Let \(a_1=6\cdot12^r\cdot u\) with \(u\) odd and \(5\nmid u\).  We prove by induction that after \(r\) steps the sequence reaches a fixed point.  

If \(r=0\), then \(a_1=6u\) is not divisible by \(4\) and not by \(5\), so by (1) it is a fixed point.  

If \(r\ge1\), write \(a_1=72\cdot12^{r-1}\cdot u\).  Applying the transformation for numbers divisible by \(4\) repeatedly, we obtain  

\[
a_{k+1}=f(a_k)=\frac{13}{12}a_k\quad (k=1,\dots,r),
\]  
so  

\[
a_{r+1}=6\cdot13^r\cdot u.
\]

Now \(a_{r+1}\) is a multiple of \(6\) and is not divisible by \(4\) (since \(v_2(a_{r+1})=1\)) and not divisible by \(5\) (since \(5\nmid u\) and \(5\nmid13\)).  Hence by (1) it is a fixed point, and the sequence becomes constant from that term onward.  All terms are multiples of \(6\) and therefore have at least the proper divisors \(1,2,3\), so the sequence is infinite.

---
### 8.  Conclusion

All possible values of \(a_1\) are exactly the positive integers of the form  

\[
\boxed{6\cdot12^{\,r}\cdot u,\qquad r\ge0,\; u\text{ odd},\;5\nmid u.}
\]"
5,7,complete,"We denote the sums  
\[
S_n = \sum_{i=1}^n x_i,\qquad Q_n = \sum_{i=1}^n x_i^2.
\]  
Alice moves on odd turns \(n=2k-1\) (choosing \(x_{2k-1}\ge 0\) with \(S_{2k-1}\le \lambda(2k-1)\)) and Bazza on even turns \(n=2k\) (choosing \(x_{2k}\ge 0\) with \(Q_{2k}\le 2k\)).  If a player cannot make a legal move, the other wins; if the game continues forever, neither wins.  

---

### Useful inequalities

**Lemma 1 (Cauchy–Schwarz bound).**  
For any non‑negative numbers \(a_1,\dots,a_k\),  
\[
\Bigl(\sum_{i=1}^k a_i\Bigr)^2\le k\sum_{i=1}^k a_i^2.
\]

**Lemma 2 (A useful function).**  
For \(t\in[0,\sqrt2]\) we have  
\[
t+\sqrt{2-t^2}\ge\sqrt2,
\]  
with equality at \(t=0\) and \(t=\sqrt2\).  (Proof: square both sides.)

---

### 1.  Alice’s zero strategy  

**Lemma 3.**  
If Alice always plays \(x_{2k-1}=0\) on her turns, then for every \(k\ge1\)  
\[
S_{2k}\le k\sqrt2.
\]  
*Proof.*  Because Alice’s moves are zero, \(S_{2k}\) equals the sum of Bazza’s moves.  Bazza respects \(Q_{2k}\le 2k\), so by Lemma 1  
\[
S_{2k}^2\le k\,Q_{2k}\le k\cdot2k=2k^2,
\]  
hence \(S_{2k}\le k\sqrt2\). ∎

---

### 2.  Bazza’s maximal‑move strategy  

**Lemma 4.**  
Suppose \(\lambda\le \dfrac1{\sqrt2}\) and Bazza always plays the maximal allowed number at his turns:  
\[
x_{2k}= \sqrt{2k-Q_{2k-1}}\qquad\text{(whenever this is defined)}.
\]  
Then for every \(k\ge0\) we have  
\[
Q_{2k}=2k,\qquad S_{2k}\ge k\sqrt2,
\]  
provided the game has not ended.  

*Proof.*  Induction on \(k\).  

*Base \(k=0\):* trivial.  

*Inductive step:* assume the statement holds for some \(k\ge0\).  
At the odd turn \(2k+1\) Alice chooses \(a=x_{2k+1}\ge0\) with \(S_{2k+1}=S_{2k}+a\le\lambda(2k+1)\).  
By the induction hypothesis \(Q_{2k}=2k\), so  
\[
Q_{2k+1}=2k+a^2.
\]  
Because \(\lambda\le 1/\sqrt2\) and \(S_{2k}\ge k\sqrt2\),  
\[
a\le\lambda(2k+1)-S_{2k}\le \frac{2k+1}{\sqrt2}-k\sqrt2=\frac1{\sqrt2}<\sqrt2,
\]  
hence \(a^2\le\frac12<2\).  Therefore \(Q_{2k+1}<2k+2\), so Bazza can legally choose  
\[
x_{2k+2}= \sqrt{2k+2-Q_{2k+1}}=\sqrt{2-a^2}.
\]  
Now  
\[
S_{2k+2}=S_{2k+1}+x_{2k+2}=S_{2k}+a+\sqrt{2-a^2}
        \ge S_{2k}+\sqrt2 \qquad\text{(Lemma 2)}
        \ge k\sqrt2+\sqrt2=(k+1)\sqrt2.
\]  
Moreover,  
\[
Q_{2k+2}=Q_{2k+1}+x_{2k+2}^2=2k+a^2+(2-a^2)=2k+2.
\]  
This completes the induction. ∎

---

### 3.  Alice wins for \(\lambda>\dfrac1{\sqrt2}\)

Alice adopts the following strategy:  

* On every odd turn \(2k-1\) she plays \(x_{2k-1}=0\) until the first index \(k_0\) for which  
  \[
  \lambda(2k_0+1)-k_0\sqrt2>\sqrt{2k_0+2}.
  \]  
  Such a \(k_0\) exists because the left‑hand side is linear with slope \(2\lambda-\sqrt2>0\) while the right‑hand side grows like \(\sqrt{k}\).  

* At turn \(2k_0+1\) she chooses  
  \[
  x_{2k_0+1}= \lambda(2k_0+1)-S_{2k_0}.
  \]  

By Lemma 3, \(S_{2k_0}\le k_0\sqrt2\); therefore  
\[
x_{2k_0+1}\ge \lambda(2k_0+1)-k_0\sqrt2>\sqrt{2k_0+2}>0,
\]  
so the move is legal.  

Now  
\[
Q_{2k_0+1}=Q_{2k_0}+x_{2k_0+1}^2\ge x_{2k_0+1}^2>2k_0+2.
\]  
Bazza’s next turn is \(2k_0+2\); he must satisfy \(Q_{2k_0+2}\le 2k_0+2\), which is impossible because \(Q_{2k_0+2}\ge Q_{2k_0+1}>2k_0+2\).  Hence Bazza cannot move and Alice wins.  

Thus **Alice has a winning strategy for every \(\lambda>\dfrac1{\sqrt2}\).**

---

### 4.  Bazza wins for \(0<\lambda<\dfrac1{\sqrt2}\)

Bazza uses the maximal‑move strategy of Lemma 4.  From the lemma we have for all \(k\)  
\[
S_{2k}\ge k\sqrt2,\qquad Q_{2k}=2k,
\]  
as long as the game continues.  

Because \(\lambda<\frac1{\sqrt2}\), the expression  
\[
\lambda(2k+1)-k\sqrt2 = (2\lambda-\sqrt2)k+\lambda
\]  
has negative slope, so for sufficiently large \(k\) it becomes negative.  Choose \(K\) such that  
\[
\lambda(2K+1)-K\sqrt2<0.
\]  
Then at turn \(2K+1\) we have  
\[
S_{2K}\ge K\sqrt2 > \lambda(2K+1).
\]  
No matter what non‑negative \(x_{2K+1}\) Alice chooses,  
\[
S_{2K+1}=S_{2K}+x_{2K+1}\ge S_{2K}>\lambda(2K+1),
\]  
so the sum constraint is violated.  Alice cannot move; Bazza wins.  

Thus **Bazza has a winning strategy for every \(0<\lambda<\dfrac1{\sqrt2}\).**

---

### 5.  The critical value \(\lambda=\dfrac1{\sqrt2}\) – neither player has a winning strategy  

*Alice can avoid losing.*  
She plays \(x_{2k-1}=0\) on every turn.  By Lemma 3, \(S_{2k}\le k\sqrt2\).  The slack at her turn is  
\[
\lambda(2k+1)-S_{2k}\ge\frac{2k+1}{\sqrt2}-k\sqrt2=\frac1{\sqrt2}>0,
\]  
so she can always legally choose \(0\).  Hence Alice never loses.

*Bazza can avoid losing.*  
He uses the maximal‑move strategy of Lemma 4.  For \(\lambda=\frac1{\sqrt2}\) the proof of Lemma 4 shows that every move is legal (the bound on Alice’s move is \(a\le\frac1{\sqrt2}<\sqrt2\)).  Consequently \(Q_{2k}=2k\) and \(S_{2k}\ge k\sqrt2\) for all \(k\), so Bazza can always play his maximal move and the game never ends.  Hence Bazza never loses.

Since both players have strategies that guarantee the game continues forever, neither can force a win.  Therefore at \(\lambda=\dfrac1{\sqrt2}\) **neither player has a winning strategy.**

---

### 6.  Conclusion  

\[
\boxed{\begin{array}{ll}
\text{Alice has a winning strategy} & \text{if and only if } \lambda > \dfrac1{\sqrt2},\\[6pt]
\text{Bazza has a winning strategy} & \text{if and only if } 0<\lambda<\dfrac1{\sqrt2},\\[6pt]
\text{for } \lambda=\dfrac1{\sqrt2}\text{ neither player has a winning strategy.}
\end{array}}
\]"
6,0,wrong answer (4048; correct 2112),"Let \(n = 2025\). The grid is \(n\times n\). The condition that each row and each column has exactly one uncovered square means that the uncovered squares form a permutation matrix (one per row and per column).  
By permuting the rows and columns (which does not affect the problem, because the grid is symmetric under these permutations and the tiles are placed on grid lines), we may assume without loss of generality that the uncovered squares are exactly the diagonal cells \((i,i)\) for \(i=1,\dots,n\).  
Thus we must cover all off‑diagonal cells with disjoint rectangles whose sides lie on grid lines.

**Upper bound – construction.**  
For each \(k = 1,2,\dots,n-1\):
- place a rectangle that covers row \(k\) and columns \(k+1,\dots,n\) (a \(1\times (n-k)\) rectangle);
- place a rectangle that covers column \(k\) and rows \(k+1,\dots,n\) (a \((n-k)\times1\) rectangle).

These \(2(n-1)\) rectangles are pairwise disjoint (a cell in the first type has row \(k\) and column \(>k\), a cell in the second type has column \(k\) and row \(>k\), so they cannot coincide) and together they cover every off‑diagonal cell: if \(i<j\) then \((i,j)\) lies in the row‑\(i\) rectangle, and if \(i>j\) then \((i,j)\) lies in the column‑\(j\) rectangle.  
Hence a covering with \(2n-2\) tiles exists, so the minimum number is at most \(2n-2 = 4048\).

**Lower bound.**  
Let \(\mathcal{R}\) be any collection of disjoint rectangles that cover all off‑diagonal cells. For a rectangle \(R\in\mathcal{R}\) let \(r(R)\) be the set of rows it occupies and \(c(R)\) the set of columns it occupies. Since \(R\) cannot contain any diagonal cell \((i,i)\) (which is uncovered), we must have \(r(R)\cap c(R)=\varnothing\); otherwise a common integer \(i\) would give the cell \((i,i)\in R\), a contradiction.

Consider the two sets of off‑diagonal cells  
\[
S=\{(i,i+1)\mid 1\le i\le n-1\},\qquad
T=\{(i+1,i)\mid 1\le i\le n-1\}.
\]  
There are \(2n-2\) distinct cells in \(S\cup T\), each of which must be covered by some rectangle in \(\mathcal{R}\).

**Claim:** No rectangle in \(\mathcal{R}\) can contain two different cells of \(S\cup T\).

*Proof.*  
- If a rectangle contained two cells of \(S\), say \((i,i+1)\) and \((j,j+1)\) with \(i<j\), then its row interval contains \(i\) and \(j\), hence all integers between \(i\) and \(j\); its column interval contains \(i+1\) and \(j+1\), hence all integers between \(i+1\) and \(j+1\). The intersection of these intervals contains \(i+1,\dots,j\), which is non‑empty, contradicting the disjointness of \(r(R)\) and \(c(R)\).  
- If it contained two cells of \(T\), the same argument applies by symmetry.  
- If it contained one cell of \(S\) and one of \(T\), say \((i,i+1)\) and \((j+1,j)\), then its row interval contains \(i\) and \(j+1\) (hence all integers between \(i\) and \(j+1\)), and its column interval contains \(i+1\) and \(j\) (hence all integers between \(i+1\) and \(j\)). The intersection contains \(i+1,\dots,j\), again non‑empty, contradiction.  
Thus a rectangle can contain at most one cell from \(S\cup T\).

Because each of the \(2n-2\) cells of \(S\cup T\) must be covered by some rectangle, and no rectangle can cover more than one of them, we need at least \(2n-2\) rectangles. Hence any covering uses at least \(2n-2\) tiles.

**Conclusion.**  
The minimum number of tiles is exactly \(2n-2 = 4048\).

\[
\boxed{4048}
\]"
